發生或發現時間,發生或發現地點,發生或發現管轄機關
1131014  2149,臺南市東區前鋒路16號,AC1R1  臺南市政府警察局第一分局東寧派出所
1131004  0730,臺南市東區崇德路353號,AC1M1  臺南市政府警察局第一分局文化派出所
1131101  1324,臺南市東區北門路2段34號東區北門路2段34號,AC1R1  臺南市政府警察局第一分局東寧派出所
1131031  2103,臺南市中西區中西區武聖路151巷9弄7號(惡魔島娃娃機店),AC2N1  臺南市政府警察局第二分局長樂派出所
1131031  0410,臺南市中西區民族路3段173號,AC2N1  臺南市政府警察局第二分局長樂派出所
1131101  1032,臺南市中西區中西區中山路125號(臺南醫院機車停車場),AC2Q1  臺南市政府警察局第二分局民權派出所
1131101  0041,臺南市中西區大同路1段24號,AC2O1  臺南市政府警察局第二分局中正派出所
1131029  1700,臺南市安南區北安路三段907號,AC3T1  臺南市政府警察局第三分局安順派出所
1131030  1709,臺南市中西區海安路2段296巷48號2樓,AC5N1  臺南市政府警察局第五分局立人派出所
1131101  0700,臺南市北區北園街126號,AC5R1  臺南市政府警察局第五分局開元派出所
1131101  0905,臺南市南區西門路一段677號,AC6P1  臺南市政府警察局第六分局金華派出所
1131030  0001,臺南市善化區中山路42號,AC9Y1  臺南市政府警察局善化分局善化派出所
1130814  1300,臺南市歸仁區六甲三街21號,ACAM1  臺南市政府警察局歸仁分局歸南派出所
1131029  1937,臺南市永康區復國一路311號,ACBM1  臺南市政府警察局永康分局永信派出所
1130210  1931,臺南市永康區王行路563號,ACBQ1  臺南市政府警察局永康分局龍潭派出所
1121120  1548,臺南市永康區王行路866巷永科北路口,ACBQ1  臺南市政府警察局永康分局龍潭派出所
1131030  2126,臺南市永康區新興街2號前,ACBN1  臺南市政府警察局永康分局大橋派出所
1131031  1248,臺南市永康區民族路142號,ACBR1  臺南市政府警察局永康分局大灣派出所
1131028  2300,臺南市永康區中正北路1069號,ACBS1  臺南市政府警察局永康分局鹽行派出所
1130819  0951,臺南市鹽水區月津路127巷53號,ACDU1  臺南市政府警察局新營分局鹽水分駐所
1131029  0942,臺南市新營區民治路227號,ACDW1  臺南市政府警察局新營分局民治派出所
1131101  1617,臺南市白河區白河區庄內里愛國街157巷14號,ACFM1  臺南市政府警察局白河分局玉豐派出所
1130623  0900,臺南市麻豆區安業76號之2,ACGO1  臺南市政府警察局麻豆分局埤頭派出所
1130314  2232,臺南市官田區隆田里文化街61號,ACGW1  臺南市政府警察局麻豆分局官田分駐所
1130620  0150,臺南市麻豆區磚子井段471之1地號,ACGO1  臺南市政府警察局麻豆分局埤頭派出所
1130814  1700,臺南市官田區渡拔里24鄰拔子林85號之4,ACGW1  臺南市政府警察局麻豆分局官田分駐所
1130209  2337,臺南市麻豆區麻佳路一段243號,ACGO1  臺南市政府警察局麻豆分局埤頭派出所
1131101  0830,臺南市東區東寧路296巷6弄17號東區東寧路296巷6弄17號2樓陽台,AC1Q1  臺南市政府警察局第一分局東門派出所
1131031  1736,臺南市中西區中西區友愛街197號(友愛7-11門市前),AC2M1  臺南市政府警察局第二分局海安派出所
1131102  0302,臺南市北區公園路317號(對面人行道),AC5O1  臺南市政府警察局第五分局北門派出所
1131102  1117,臺南市北區開元路333巷10-2號,AC5R1  臺南市政府警察局第五分局開元派出所
1131101  2252,臺南市北區南園街75巷20號(2號房),AC5R1  臺南市政府警察局第五分局開元派出所
1131102  1823,臺南市北區公園路675號之1,AC5P1  臺南市政府警察局第五分局公園派出所
1131028  1633,臺南市南區中華南路二段315巷20號,AC6R1  臺南市政府警察局第六分局鹽埕派出所
1131102  1900,臺南市南區新興路與新建路,AC6P1  臺南市政府警察局第六分局金華派出所
1131102  2130,臺南市善化區陽光南一路2巷7號(BEEBO娃娃機),AC9Q1  臺南市政府警察局善化分局茄拔派出所
1131102  1251,臺南市仁德區保安里文賢路一段510號前,ACAY1  臺南市政府警察局歸仁分局文賢派出所
1131026  1930,臺南市新營區康樂街65號的騎樓,ACDV1  臺南市政府警察局新營分局中山路派出所
1131102  1824,臺南市柳營區果毅後313號,ACDS1  臺南市政府警察局新營分局果毅派出所
1131011  0800,臺南市麻豆區麻佳路一段566號,ACGW1  臺南市政府警察局麻豆分局官田分駐所
1131102  2215,臺南市東區中華東路1段366號東區中華東路一段366號(南紡購物中心A2館B1機車停車場457號車格),AC1N1  臺南市政府警察局第一分局莊敬派出所
1131103  0300,臺南市東區北門路2段16號東區北門路二段16號人行道上,AC1R1  臺南市政府警察局第一分局東寧派出所
1131103  0449,臺南市中西區中西區開山路74之1號(二元黑輪)騎樓處,AC2O1  臺南市政府警察局第二分局中正派出所
1131102  2027,臺南市中西區中西區康樂街227號,AC2M1  臺南市政府警察局第二分局海安派出所
1131102  1200,臺南市安南區長和路3段151巷綠金檳榔攤後方,AC3P1  臺南市政府警察局第三分局長安派出所
1131030  2230,臺南市南區大同路二段112巷11號8樓之3,AC6S1  臺南市政府警察局第六分局大林派出所
1131103  0300,臺南市南區大同路二段516號快樂鳥網咖10號機台,AC6S1  臺南市政府警察局第六分局大林派出所
1131030  2046,臺南市佳里區佳興里佳里興440號之29,AC7M1  臺南市政府警察局佳里分局佳興派出所
1131101  1650,臺南市佳里區文新里安西130-52號,AC7X1  臺南市政府警察局佳里分局佳里派出所
1130804  0155,臺南市新市區仁愛街143號,AC9M1  臺南市政府警察局善化分局新市分駐所
1131103  1230,臺南市永康區正強里中正路59號,ACBO1  臺南市政府警察局永康分局永康派出所
1131101  1600,臺南市永康區中山南路282號,ACBP1  臺南市政府警察局永康分局復興派出所
1131103  1730,臺南市新營區復興路779號,ACDN1  臺南市政府警察局新營分局太宮派出所
1131027  1000,臺南市楠西區鹿田里油車路14號之2,ACEO1  臺南市政府警察局玉井分局楠西分駐所
1130627  1600,臺南市楠西區照興里興南5-6號,ACEO1  臺南市政府警察局玉井分局楠西分駐所
1131101  1600,臺南市東區前鋒路176號東區前鋒路176號對面,AC1R1  臺南市政府警察局第一分局東寧派出所
1130420  0818,臺南市東區大學路1號東區大學路1號(勝六舍旁腳踏車停放區),AC1R1  臺南市政府警察局第一分局東寧派出所
1131104  1720,臺南市東區長榮路1段181號東區長榮路一段181號,AC1Q1  臺南市政府警察局第一分局東門派出所
1131103  1505,臺南市東區北門路1段276號1樓東區北門路一段276號1樓,AC1R1  臺南市政府警察局第一分局東寧派出所
1131030  1637,臺南市中西區中西區青年路134號(統一超商),AC2R1  臺南市政府警察局第二分局博愛派出所
1131104  2025,臺南市中西區中西區友愛街194號,AC2O1  臺南市政府警察局第二分局中正派出所
1131104  1630,臺南市中西區中西區五妃街294號,AC2P1  臺南市政府警察局第二分局南門派出所
1131103  2331,臺南市永康區大灣路942巷62號,ACBR1  臺南市政府警察局永康分局大灣派出所
1131104  1730,臺南市永康區中華路768之1號(安佳台月食堂),ACBN1  臺南市政府警察局永康分局大橋派出所
1131028  1213,臺南市新營區中華路41號前,ACDW1  臺南市政府警察局新營分局民治派出所
1131029  0942,臺南市鹽水區三福路51號,ACDU1  臺南市政府警察局新營分局鹽水分駐所
1131103  2000,臺南市六甲區林森街24巷6號,ACGX1  臺南市政府警察局麻豆分局六甲分駐所
1131103  1200,臺南市麻豆區溝子墘段1067-0036號,ACG41  臺南市政府警察局麻豆分局偵查隊
1130108  0939,臺南市東區龍山里崇善路23號,AC1Q1  臺南市政府警察局第一分局東門派出所
1131105  1119,臺南市東區青年路255號,AC1R1  臺南市政府警察局第一分局東寧派出所
1131103  1822,臺南市東區成大里大學路光復校區管理學院大樓前廣場1號東區成大里大學路1號(光復校區管理學院大樓前廣場),AC1R1  臺南市政府警察局第一分局東寧派出所
1131105  1200,臺南市東區自強里東門路3段37巷75弄30號1樓,AC1P1  臺南市政府警察局第一分局後甲派出所
1131104  2256,臺南市東區富裕里裕豐街84巷東區富裕里裕豐街84巷、112巷岔路口,AC1Q1  臺南市政府警察局第一分局東門派出所
1130909  0533,臺南市中西區中華西路2段46號,AC2O1  臺南市政府警察局第二分局中正派出所
1130909  2202,臺南市中西區中華西路2段36號,AC2O1  臺南市政府警察局第二分局中正派出所
1131105  1232,臺南市安南區安和路六段133之3號,AC3U1  臺南市政府警察局第三分局和順派出所
1131023  0608,臺南市安南區城西街1010巷300號,AC3Q1  臺南市政府警察局第三分局土城派出所
1130517  1253,臺南市佳里區建南里中山路155號寶雅中山店,AC7X1  臺南市政府警察局佳里分局佳里派出所
1131105  1314,臺南市佳里區文新里文化路563號,AC7X1  臺南市政府警察局佳里分局佳里派出所
1131024  1242,臺南市安定區蘇厝里蘇厝346號,AC9R1  臺南市政府警察局善化分局安定分駐所
1131030  2047,臺南市仁德區後壁里德南路92號,ACAQ1  臺南市政府警察局歸仁分局德南派出所
1131030  0800,臺南市仁德區後壁里民安路1段422號,ACAQ1  臺南市政府警察局歸仁分局德南派出所
1131103  1800,臺南市歸仁區武東里武當路五都停車場機車停車格(三場),ACAO1  臺南市政府警察局歸仁分局大潭派出所
1131103  0358,臺南市永康區永安路165巷109弄3號前,ACBS1  臺南市政府警察局永康分局鹽行派出所
1130531  1700,臺南市永康區崑大路195號,ACBR1  臺南市政府警察局永康分局大灣派出所
1131029  1330,臺南市永康區東橋五路202號地下一樓,ACBN1  臺南市政府警察局永康分局大橋派出所
1131105  1800,臺南市永康區大橋火車站後站,ACBS1  臺南市政府警察局永康分局鹽行派出所
1131031  2033,臺南市鹽水區水秀里土庫68之5號,ACDU1  臺南市政府警察局新營分局鹽水分駐所
1131023  1500,臺南市東山區東山區東原里前大埔段68-25號(嶺先公司),ACFM2  臺南市政府警察局白河分局東原派出所
1130818  1753,臺南市東區崇德路32號,AC1Q1  臺南市政府警察局第一分局東門派出所
1130130  1541,臺南市東區北門路1段226號2樓,AC1R1  臺南市政府警察局第一分局東寧派出所
1131106  1403,臺南市中西區中西區尊王路146號,AC2O1  臺南市政府警察局第二分局中正派出所
1131103  1930,臺南市中西區中正路262號,AC2M1  臺南市政府警察局第二分局海安派出所
1131106  1910,臺南市中西區中西區中正國華街口,AC2R1  臺南市政府警察局第二分局博愛派出所
1131104  1146,臺南市安平區建平七街249號,AC4N1  臺南市政府警察局第四分局華平派出所
1131022  2243,臺南市安平區平通路550號,AC4N1  臺南市政府警察局第四分局華平派出所
1131105  2000,臺南市安平區建平路與南島路口77號停車格旁人行道,AC4N1  臺南市政府警察局第四分局華平派出所
1131102  1103,臺南市西港區西港里中山路370號西港圖書館旁,AC7W1  臺南市政府警察局佳里分局西港分駐所
1131106  1800,臺南市安定區蘇林里蘇厝15之1號旁空地的車上,AC9R1  臺南市政府警察局善化分局安定分駐所
1131106  0147,臺南市歸仁區後市里民權北街6號(恐龍ㄎㄧㄤ樂園),ACAZ1  臺南市政府警察局歸仁分局歸仁派出所
1130720  1947,臺南市永康區中山路459號,ACBO1  臺南市政府警察局永康分局永康派出所
1131106  0715,臺南市永康區永康區中山北路164巷112號,ACBQ1  臺南市政府警察局永康分局龍潭派出所
1131105  1600,臺南市永康區康橋大道255號,ACBN1  臺南市政府警察局永康分局大橋派出所
1130827  1941,臺南市新營區綠川北街121號旁南營將軍廟,ACDV1  臺南市政府警察局新營分局中山路派出所
1130827  1400,臺南市玉井區玉井里中正路120號(北極殿),ACEU1  臺南市政府警察局玉井分局玉井派出所
1131106  0500,臺南市東山區東山區水雲里牛肉崎29號活動中心對面,ACFV1  臺南市政府警察局白河分局東河派出所
1131031  0229,臺南市東區東寧路296巷6弄17號東區東寧路296巷6弄17號,AC1Q1  臺南市政府警察局第一分局東門派出所
1130821  1409,臺南市東區前鋒路210號東區前鋒路210號(遠東百貨台南成功店1樓)迪奧專櫃,AC1R1  臺南市政府警察局第一分局東寧派出所
1131107  1249,臺南市中西區中西區河中街32號(濟福宮),AC2M1  臺南市政府警察局第二分局海安派出所
1131107  1420,臺南市中西區中西區西門路二段120號(BHT-7937號自用小貨車車內),AC2Q1  臺南市政府警察局第二分局民權派出所
1131107  0040,臺南市安南區安中路1段703巷35號前,AC3M1  臺南市政府警察局第三分局安中派出所
1130807  2200,臺南市安南區府安路7段觀海橋下,AC3S1  臺南市政府警察局第三分局海南派出所
1130806  0034,臺南市安南區海佃路1段239號,AC3S1  臺南市政府警察局第三分局海南派出所
1131020  0600,臺南市安南區安和路1段159巷55號,AC3T1  臺南市政府警察局第三分局安順派出所
1131107  1930,臺南市佳里區東寧里中山路420號早安美芝城佳里中山概念店旁空屋騎樓,AC7X1  臺南市政府警察局佳里分局佳里派出所
1131107  1920,臺南市將軍區西甲里西湖62號,AC8U1  臺南市政府警察局學甲分局將軍分駐所
1131025  0429,臺南市新市區復興路61號(新新善門市),AC9M1  臺南市政府警察局善化分局新市分駐所
1131105  1500,臺南市仁德區大甲里中正西路402號,ACAY1  臺南市政府警察局歸仁分局文賢派出所
1131107  1000,臺南市關廟區香洋里大富街301巷,ACAX1  臺南市政府警察局歸仁分局關廟分駐所
1131107  0120,臺南市永康區中華西街138號(壹柒夾娃娃機店),ACBN1  臺南市政府警察局永康分局大橋派出所
1130901  0500,臺南市永康區北興路166巷9號,ACBR1  臺南市政府警察局永康分局大灣派出所
1131025  1356,臺南市後壁區後壁區侯伯里06鄰後壁寮105號之2,ACFU1  臺南市政府警察局白河分局長安派出所
1130612  1213,臺南市麻豆區中山路84號,ACGM2  臺南市政府警察局麻豆分局麻豆派出所
1131024  1200,臺南市六甲區中正路290號,ACGX1  臺南市政府警察局麻豆分局六甲分駐所
1131027  0221,臺南市六甲區工研路2號,ACGR1  臺南市政府警察局麻豆分局鳳林派出所
1131105  1230,臺南市官田區東西庄里西庄139-51號,ACGU1  臺南市政府警察局麻豆分局官鎮派出所
1131107  1440,臺南市六甲區中正路516號,ACGX1  臺南市政府警察局麻豆分局六甲分駐所
1131107  0935,臺南市麻豆區中山路130號,ACGM2  臺南市政府警察局麻豆分局麻豆派出所
1131108  0645,臺南市中西區中西區保安路45號,AC2O1  臺南市政府警察局第二分局中正派出所
1131101  0030,臺南市中西區中西區府前路一段31號(復興市場第75號攤位),AC2R1  臺南市政府警察局第二分局博愛派出所
1131104  0458,臺南市中西區中西區尊王路150巷5號旁,AC2O1  臺南市政府警察局第二分局中正派出所
1131108  0840,臺南市北區公園路295巷台南公園人行道,AC5O1  臺南市政府警察局第五分局北門派出所
1131105  2137,臺南市北區北區北門路三段2號,AC5Q1  臺南市政府警察局第五分局實踐派出所
1131108  0117,臺南市北區富北街96號之2,AC5O1  臺南市政府警察局第五分局北門派出所
1131108  1130,臺南市南區灣裡路211巷9-1號,AC6Q1  臺南市政府警察局第六分局灣裡派出所
1131108  1814,臺南市南區中華南路一段43號,AC6S1  臺南市政府警察局第六分局大林派出所
1131108  1030,臺南市七股區大埕里三合段986地號,AC7V1  臺南市政府警察局佳里分局七股分駐所
1131107  1834,臺南市永康區鹽行路100巷61弄,ACBS1  臺南市政府警察局永康分局鹽行派出所
1131108  1730,臺南市永康區忠義街44巷3號,ACBP1  臺南市政府警察局永康分局復興派出所
1131108  1640,臺南市永康區中華路280-53號(彌敦道9號),ACBP1  臺南市政府警察局永康分局復興派出所
1131108  1514,臺南市新營區新進路二段230-3號,ACDW1  臺南市政府警察局新營分局民治派出所
1131024  1300,臺南市中西區中西區大勇街50號,AC2O1  臺南市政府警察局第二分局中正派出所
1131109  0811,臺南市中西區中西區金華路三段5號(一哈入魂夾娃娃機店),AC2O1  臺南市政府警察局第二分局中正派出所
1131108  0650,臺南市中西區中西區南門路41號,AC2P1  臺南市政府警察局第二分局南門派出所
1131109  1120,臺南市北區和緯路4段8號,AC5M1  臺南市政府警察局第五分局和緯派出所
1131107  0520,臺南市善化區蓮潭里龍目井路469號外騎樓。,AC9Q1  臺南市政府警察局善化分局茄拔派出所
1131109  0253,臺南市鹽水區信義路4之6號,ACDU1  臺南市政府警察局新營分局鹽水分駐所
1131107  2147,臺南市官田區南?里三結義16-8號,ACGW1  臺南市政府警察局麻豆分局官田分駐所
1131110  0448,臺南市東區崇善路663號東區崇善路663號,AC1O1  臺南市政府警察局第一分局德高派出所
1131104  2010,臺南市中西區民族路3段277號,AC2N1  臺南市政府警察局第二分局長樂派出所
1131110  1700,臺南市中西區中西區西門路一段658號6樓C區 CARLYN店,AC2P1  臺南市政府警察局第二分局南門派出所
1131110  1630,臺南市中西區中西區海安路二段人人市集內,AC2N1  臺南市政府警察局第二分局長樂派出所
1131015  0800,臺南市安南區大安街145巷8號,AC3M1  臺南市政府警察局第三分局安中派出所
1131110  1904,臺南市安平區運河路與古堡街口(運河路段上),AC4O1  臺南市政府警察局第四分局安平派出所
1130920  0750,臺南市安平區國平南路96號旁工地,AC4M1  臺南市政府警察局第四分局育平派出所
1131108  1644,臺南市北區大武街597巷31號,AC5Q1  臺南市政府警察局第五分局實踐派出所
1131110  1548,臺南市北區北區和緯路二段172號(全聯福利中心台南和緯店),AC5P1  臺南市政府警察局第五分局公園派出所
1131109  2350,臺南市南區健康路一段382號小北百貨台南健康店,AC6S1  臺南市政府警察局第六分局大林派出所
1131108  0330,臺南市西港區竹林里大竹林56-36號,AC7W1  臺南市政府警察局佳里分局西港分駐所
1131101  1645,臺南市北門區北門里井子腳1-1號,AC8R1  臺南市政府警察局學甲分局北門分駐所
1130803  0447,臺南市永康區自強路255巷35弄2號,ACBO1  臺南市政府警察局永康分局永康派出所
1131110  1046,臺南市永康區永明街193號,ACBQ1  臺南市政府警察局永康分局龍潭派出所
1131110  2100,臺南市永康區正南五街與新中街口騎樓下,ACBS1  臺南市政府警察局永康分局鹽行派出所
1131108  1430,臺南市新營區工業街34號,ACDV1  臺南市政府警察局新營分局中山路派出所
1131110  0259,臺南市麻豆區北勢里北勢寮11-1號,ACGM2  臺南市政府警察局麻豆分局麻豆派出所
1131110  1357,臺南市官田區新生街6號,ACGM2  臺南市政府警察局麻豆分局麻豆派出所
1131111  1620,臺南市東區林森路2段79號東區林森路二段79號 萊爾富超商(長中店),AC1R1  臺南市政府警察局第一分局東寧派出所
1131111  1700,臺南市東區崇成里崇德路629號東區崇德路629號,AC1O1  臺南市政府警察局第一分局德高派出所
1130818  0709,臺南市中西區民權路3段331號,AC2N1  臺南市政府警察局第二分局長樂派出所
1131110  1040,臺南市安南區北安路2段32號,AC3T1  臺南市政府警察局第三分局安順派出所
1131106  0653,臺南市北區文賢路647號,AC3T1  臺南市政府警察局第三分局安順派出所
1131106  0709,臺南市南區金華路2段209號,AC3T1  臺南市政府警察局第三分局安順派出所
1131028  1410,臺南市新市區仁愛街291號,AC3T1  臺南市政府警察局第三分局安順派出所
1131106  1100,臺南市安南區北安路2段49號你下課選物販賣機店,AC3S1  臺南市政府警察局第三分局海南派出所
1131111  2127,臺南市安南區安富街335號,AC3S1  臺南市政府警察局第三分局海南派出所
1131111  0930,臺南市北區北區和緯路三段333號(全家便利商店-臺南和緯店),AC5M1  臺南市政府警察局第五分局和緯派出所
1131111  1142,臺南市北區文賢路1002號(市招:老闆回來了),AC5M1  臺南市政府警察局第五分局和緯派出所
1131110  2200,臺南市安定區海寮32-1號(萊爾富便利商店)旁空地,AC9T1  臺南市政府警察局善化分局港口派出所
1131111  0720,臺南市永康區大橋五街141號停放腳踏車的地方,ACBN1  臺南市政府警察局永康分局大橋派出所
1131026  1947,臺南市永康區大灣路951號外,ACBR1  臺南市政府警察局永康分局大灣派出所
1131028  0957,臺南市永康區大同街805號,ACBO1  臺南市政府警察局永康分局永康派出所
1131111  1630,臺南市永康區中華西街124號,ACBN1  臺南市政府警察局永康分局大橋派出所
1131111  1900,臺南市永康區中灣五街15號對面的鐵皮屋內,ACBR1  臺南市政府警察局永康分局大灣派出所
1131110  1700,臺南市永康區中山路與中山北路口,ACBO1  臺南市政府警察局永康分局永康派出所
1131110  0405,臺南市新化區建國街38號,ACCS1  臺南市政府警察局新化分局新化派出所
1131105  1229,臺南市新營區綠川北街10號斜對面停車格,ACDV1  臺南市政府警察局新營分局中山路派出所
1131111  0700,"臺南市白河區白河區草店里田地(23°24'10.9""N , 120°25'14.8""E)",ACFN2  臺南市政府警察局白河分局白河派出所
1131111  1805,臺南市後壁區後壁區菁寮里276號,ACFZ1  臺南市政府警察局白河分局後壁分駐所
1130310  2330,"臺南市麻豆區仁愛路12號4樓,401室",ACGM2  臺南市政府警察局麻豆分局麻豆派出所
1130818  1832,臺南市麻豆區安業77-2號,ACGN1  臺南市政府警察局麻豆分局安業派出所
1130622  0500,臺南市麻豆區安業146號之2,ACGN1  臺南市政府警察局麻豆分局安業派出所
1131015  1100,臺南市麻豆區民族路1號,ACGM2  臺南市政府警察局麻豆分局麻豆派出所
1131111  2021,臺南市東區大同路2段215號,AC1M1  臺南市政府警察局第一分局文化派出所
1131102  0050,臺南市東區中華東路2段171號,AC1P1  臺南市政府警察局第一分局後甲派出所
1130327  0814,臺南市東區北門路1段310號,AC1R1  臺南市政府警察局第一分局東寧派出所
1130411  1240,臺南市東區東榮街23號,AC1R1  臺南市政府警察局第一分局東寧派出所
1130227  1305,臺南市東區圍下里東寧路0段15號1樓,AC1R1  臺南市政府警察局第一分局東寧派出所
1131112  1700,臺南市東區裕文路62號東區裕文路62號(復興國中316班),AC1P1  臺南市政府警察局第一分局後甲派出所
1131106  1111,臺南市中西區府前路一段195號,AC2P1  臺南市政府警察局第二分局南門派出所
1131025  1253,臺南市安南區海中街121巷32號,AC3R1  臺南市政府警察局第三分局安南派出所
1131111  2030,臺南市北區北區正覺街120號(正覺幼兒園),AC5P1  臺南市政府警察局第五分局公園派出所
1131112  0955,臺南市南區健康路一段257號臺南棒球場,AC6S1  臺南市政府警察局第六分局大林派出所
1131108  1015,臺南市七股區溪南里七股段460-6地號等,AC7V1  臺南市政府警察局佳里分局七股分駐所
1131111  1530,臺南市學甲區宅子港段地號165-1476、165-1,AC8W1  臺南市政府警察局學甲分局學甲派出所
1131111  1743,臺南市仁德區仁德里裕忠路539號,ACAW1  臺南市政府警察局歸仁分局仁德分駐所
1131103  1630,臺南市永康區龍安街360號,ACBQ1  臺南市政府警察局永康分局龍潭派出所
1131112  0547,臺南市永康區大橋三街218號(賴世雄美語),ACBN1  臺南市政府警察局永康分局大橋派出所
1130906  1330,臺南市新化區太平里民生路217巷7號,ACCN1  臺南市政府警察局新化分局??拔派出所
1131025  1453,臺南市新化區全興里竹子腳65號,ACCQ1  臺南市政府警察局新化分局唪口派出所
1131112  1000,臺南市新化區信義路233號,ACCS1  臺南市政府警察局新化分局新化派出所
1121015  1200,臺南市六甲區信義街251巷2弄6號,ACGX1  臺南市政府警察局麻豆分局六甲分駐所
1131110  2027,臺南市東區大學路18巷11號,AC1R1  臺南市政府警察局第一分局東寧派出所
1131102  1620,臺南市中西區中正路356號,AC2O1  臺南市政府警察局第二分局中正派出所
1131106  0952,臺南市中西區民族路2段53號(統一超商台南民族門市),AC2R1  臺南市政府警察局第二分局博愛派出所
1130430  1543,臺南市中西區民族路2段57巷2號,AC2R1  臺南市政府警察局第二分局博愛派出所
1131107  1406,臺南市中西區中西區金華路三段69號(全聯福利中心-台南大勇店),AC2O1  臺南市政府警察局第二分局中正派出所
1131110  1650,臺南市中西區中西區西門路一段658號(新光三越G樓A區),AC2P1  臺南市政府警察局第二分局南門派出所
1131113  1100,臺南市北區北區勝利路138號,AC5R1  臺南市政府警察局第五分局開元派出所
1131113  1720,臺南市南區夏林、永華路口(水萍塭公園側機車停車,AC6P1  臺南市政府警察局第六分局金華派出所
1131113  1708,臺南市善化區中山路78號,AC9Y1  臺南市政府警察局善化分局善化派出所
1131113  0630,臺南市永康區鹽洲里鹽洲二街175巷10號,ACBS1  臺南市政府警察局永康分局鹽行派出所
1131103  1352,臺南市永康區永康區南台街1號,ACBS1  臺南市政府警察局永康分局鹽行派出所
1131113  1632,臺南市永康區大橋二街62-3號前,ACBN1  臺南市政府警察局永康分局大橋派出所
1130825  1647,臺南市永康區中正南路358號,ACBS1  臺南市政府警察局永康分局鹽行派出所
1130324  1852,臺南市永康區復興路427號,ACBP1  臺南市政府警察局永康分局復興派出所
1130410  0430,臺南市永康區復興路411號,ACBP1  臺南市政府警察局永康分局復興派出所
1131031  2000,臺南市永康區永平街56巷1弄2號旁花圃,ACBO1  臺南市政府警察局永康分局永康派出所
1130824  1115,臺南市永康區中正南路533號,ACBS1  臺南市政府警察局永康分局鹽行派出所
1131112  2330,臺南市新營區中興路32號,ACDV1  臺南市政府警察局新營分局中山路派出所
1131112  1500,臺南市新營區東隆街9號,ACDV1  臺南市政府警察局新營分局中山路派出所
1130818  1746,臺南市麻豆區興民街6號,ACGM2  臺南市政府警察局麻豆分局麻豆派出所
1131112  0830,臺南市麻豆區忠孝路23-25號,ACGM2  臺南市政府警察局麻豆分局麻豆派出所
1131114  1651,臺南市東區仁和路126號東區仁和路126號統一超商竹篙厝門市,AC1O1  臺南市政府警察局第一分局德高派出所
1131114  0900,臺南市東區立德三路24號,AC1M1  臺南市政府警察局第一分局文化派出所
1131114  2100,臺南市東區中華東路3段377巷東區中華東路三段377巷與中華東路三段399巷11弄口(巴克禮公園旁機車停車格),AC1O1  臺南市政府警察局第一分局德高派出所
1131109  1306,臺南市中西區中西區西門路與正興街口西市場內設計展展場,AC2M1  臺南市政府警察局第二分局海安派出所
1131114  1130,臺南市中西區武聖路151巷24號,AC2N1  臺南市政府警察局第二分局長樂派出所
1131028  1400,臺南市新市區仁愛街291號大快樂選物販賣店,AC3T1  臺南市政府警察局第三分局安順派出所
1131114  0337,臺南市安平區府平路536號,AC4M1  臺南市政府警察局第四分局育平派出所
1131031  1256,臺南市佳里區鎮山里延平路91號,AC7X1  臺南市政府警察局佳里分局佳里派出所
1131113  1720,臺南市七股區三股里06鄰三股路134號,AC7U1  臺南市政府警察局佳里分局三股派出所
1131114  0600,臺南市永康區中華路598號,ACBP1  臺南市政府警察局永康分局復興派出所
1131114  0800,臺南市新化區崙頂里崙子頂88號之2,ACCQ1  臺南市政府警察局新化分局唪口派出所
1131114  0147,臺南市柳營區光福五街43號,ACDT1  臺南市政府警察局新營分局柳營分駐所
1131112  1245,臺南市柳營區中山西路二段61號,ACDT1  臺南市政府警察局新營分局柳營分駐所
1131114  2300,臺南市東區長榮路3段6號東區長榮路三段6號(興南眼鏡)騎樓,AC1R1  臺南市政府警察局第一分局東寧派出所
1130630  1451,臺南市東區莊敬里小東路280號3樓,AC1N1  臺南市政府警察局第一分局莊敬派出所
1131111  1600,臺南市安南區本田路1段150號之38,AC3N1  臺南市政府警察局第三分局顯宮派出所
1131114  2204,臺南市北區北區公園路317號對面(臺南公園人行道),AC5O1  臺南市政府警察局第五分局北門派出所
1131115  0920,臺南市北區北區育德路403號早餐店門口,AC5P1  臺南市政府警察局第五分局公園派出所
1131114  1615,臺南市北區臨安路2段310號,AC5N1  臺南市政府警察局第五分局立人派出所
1130731  1402,臺南市北區文賢路765號1樓,AC5M1  臺南市政府警察局第五分局和緯派出所
1131115  0750,臺南市北區北區公園南路89號台南公園內涼亭(靠近公園南路廁所旁之涼亭),AC5O1  臺南市政府警察局第五分局北門派出所
1131115  0714,臺南市佳里區忠仁里中山路242號,AC7X1  臺南市政府警察局佳里分局佳里派出所
1131115  0311,臺南市歸仁區大潭里長榮路1段279號,ACAO1  臺南市政府警察局歸仁分局大潭派出所
1131108  1558,臺南市關廟區山西里南雄路二段421號 全聯關廟南雄店,ACAX1  臺南市政府警察局歸仁分局關廟分駐所
1130816  0047,臺南市永康區永大路2段122號,ACBR1  臺南市政府警察局永康分局大灣派出所
1130524  1714,臺南市永康區中正北路179號,ACBS1  臺南市政府警察局永康分局鹽行派出所
1130727  2334,臺南市永康區中山南路22號,ACBN1  臺南市政府警察局永康分局大橋派出所
1130509  1444,臺南市永康區中山路366號,ACBO1  臺南市政府警察局永康分局永康派出所
1131115  1400,臺南市永康區忠孝路126號(六鰭屋壽司店)內,ACBP1  臺南市政府警察局永康分局復興派出所
1131114  1707,臺南市永康區中華西街84號,ACBN1  臺南市政府警察局永康分局大橋派出所
1131114  0607,臺南市新營區府西路201巷30號,ACDW1  臺南市政府警察局新營分局民治派出所
1131115  1445,臺南市鹽水區義中段地號1206-1208、1210,ACDU1  臺南市政府警察局新營分局鹽水分駐所
1131115  0232,臺南市新營區中華路36-1號,ACDW1  臺南市政府警察局新營分局民治派出所
1131115  1745,臺南市新營區東山三路69號之1,ACDV1  臺南市政府警察局新營分局中山路派出所
1131018  2000,臺南市後壁區後壁區竹新里新厝47號二樓房間,ACFU1  臺南市政府警察局白河分局長安派出所
1131116  0622,臺南市中西區中西區友愛街239號前,AC2O1  臺南市政府警察局第二分局中正派出所
1131116  1814,臺南市中西區中西區府前路二段21巷內,AC2O1  臺南市政府警察局第二分局中正派出所
1131115  0940,臺南市安平區府前路2段558號對面人行道上(編號19,AC4N1  臺南市政府警察局第四分局華平派出所
1131114  1343,臺南市安平區育平九街221號,AC4M1  臺南市政府警察局第四分局育平派出所
1131116  1450,臺南市中西區民權路二段202號內,AC5O1  臺南市政府警察局第五分局北門派出所
1131107  1400,臺南市北區北區小北路99號,AC5P1  臺南市政府警察局第五分局公園派出所
1131110  2230,臺南市仁德區仁愛里大同路三段755號家樂福新仁店,ACAY1  臺南市政府警察局歸仁分局文賢派出所
1131116  1645,臺南市關廟區松腳里旺萊路466巷大潭埤旺萊公園,ACAX1  臺南市政府警察局歸仁分局關廟分駐所
1131112  1237,臺南市永康區永大路三段75號,ACBO1  臺南市政府警察局永康分局永康派出所
1131115  0855,臺南市新化區信義路40巷地號新化王公廟段1554號,ACCS1  臺南市政府警察局新化分局新化派出所
1130827  0600,臺南市新營區成功街12之2號對面,ACDV1  臺南市政府警察局新營分局中山路派出所
1131117  0537,臺南市東區南聖里裕農路628號東區裕農路628號商家內,AC1S1  臺南市政府警察局第一分局府東派出所
1131117  1850,臺南市東區崇德路26號東區崇德路26號,AC1Q1  臺南市政府警察局第一分局東門派出所
1131117  0950,臺南市永康區永康區中華路676號,AC2P1  臺南市政府警察局第二分局南門派出所
1131012  2031,臺南市安南區國安街56巷59號之2,AC3S1  臺南市政府警察局第三分局海南派出所
1131110  0130,臺南市安南區安中路2段37巷11號,AC3R1  臺南市政府警察局第三分局安南派出所
1131028  0430,臺南市安南區青砂街368號,AC3Q1  臺南市政府警察局第三分局土城派出所
1131115  1022,臺南市北區北區西門路三段70號騎樓下,AC5O1  臺南市政府警察局第五分局北門派出所
1131117  1820,臺南市歸仁區武東里歸仁十二路2號,ACAO1  臺南市政府警察局歸仁分局大潭派出所
1131030  0026,臺南市仁德區中洲里中洲路670號,ACAO1  臺南市政府警察局歸仁分局大潭派出所
1131117  1120,臺南市永康區中華一路205號(市場攤販),ACBP1  臺南市政府警察局永康分局復興派出所
1131113  1255,臺南市永康區永大路三段75號振宇五金永康店,ACBO1  臺南市政府警察局永康分局永康派出所
1131115  0147,臺南市麻豆區港尾里謝榜寮7-6號,ACGO1  臺南市政府警察局麻豆分局埤頭派出所
1131117  1004,臺南市麻豆區麻佳路一段259號,ACGO1  臺南市政府警察局麻豆分局埤頭派出所
1130728  1100,臺南市東區北門路1段252號2樓東區北門路一段252號2樓,AC1R1  臺南市政府警察局第一分局東寧派出所
1131116  1241,臺南市東區中華東路366號東區南紡購物中心1館4樓星奇市專櫃(臺南市東區中華東路一段366號),AC1N1  臺南市政府警察局第一分局莊敬派出所
1131117  2330,臺南市東區大益夜市機車停車場內東區大益夜市機車停車場內,AC1N1  臺南市政府警察局第一分局莊敬派出所
1131117  0800,臺南市東區東成街65號,AC1P1  臺南市政府警察局第一分局後甲派出所
1131113  0900,臺南市中西區中華西路2段16號,AC2O1  臺南市政府警察局第二分局中正派出所
1131016  0655,臺南市中西區金華路3段5號,AC2O1  臺南市政府警察局第二分局中正派出所
1131118  1822,臺南市中西區民族路3段148巷19號4樓,AC2M1  臺南市政府警察局第二分局海安派出所
1131118  0830,臺南市安南區公學路三段12號,AC3O1  臺南市政府警察局第三分局安佃派出所
1131118  1715,臺南市安南區智安一街38號,AC3R1  臺南市政府警察局第三分局安南派出所
1131106  0652,臺南市北區文賢路647號,AC3T1  臺南市政府警察局第三分局安順派出所
1131117  2030,臺南市安平區建平路與南島路口,AC4N1  臺南市政府警察局第四分局華平派出所
1131115  0210,臺南市安平區府平路452號,AC4M1  臺南市政府警察局第四分局育平派出所
1131118  1628,臺南市北區台南轉運站(北區公園路291號)對面台南公園人行道自行車停車格,AC5O1  臺南市政府警察局第五分局北門派出所
1131118  0215,臺南市南區明興路863號對面,AC6M1  臺南市政府警察局第六分局喜樹派出所
1131024  0800,臺南市南區國華街一段68號,AC6P1  臺南市政府警察局第六分局金華派出所
1131002  1655,臺南市新市區復興路213號(新市全聯復興店),AC9M1  臺南市政府警察局善化分局新市分駐所
1130406  2353,臺南市永康區中正北路179號,ACBS1  臺南市政府警察局永康分局鹽行派出所
1131118  1010,臺南市永康區中正路215號中正路215號,ACBO1  臺南市政府警察局永康分局永康派出所
1130731  0347,臺南市永康區興國街196巷1號,ACBP1  臺南市政府警察局永康分局復興派出所
1131117  2030,臺南市永康區西勢路741號斜對面,ACBQ1  臺南市政府警察局永康分局龍潭派出所
1131115  0225,臺南市新營區長榮路二段351號,ACDM1  臺南市政府警察局新營分局後鎮派出所
1130514  2357,臺南市六甲區龜子港294號,ACGX1  臺南市政府警察局麻豆分局六甲分駐所
1131117  2130,臺南市六甲區中山路221巷1號,ACGX1  臺南市政府警察局麻豆分局六甲分駐所
1131118  1910,臺南市東區自強里東門路3段37巷75弄32號1樓東區自強里10鄰東門路三段37巷75弄32號1樓往地下1樓梯間,AC1P1  臺南市政府警察局第一分局後甲派出所
1131117  1430,臺南市東區裕孝路97號東區裕孝路97號前,AC1S1  臺南市政府警察局第一分局府東派出所
1131118  2100,臺南市東區青年路416號,AC1R1  臺南市政府警察局第一分局東寧派出所
1131101  1747,臺南市東區東平路190號東區東平路190號全聯,AC1R1  臺南市政府警察局第一分局東寧派出所
1130717  1536,臺南市中西區中山路162號,AC2R1  臺南市政府警察局第二分局博愛派出所
1130814  1416,臺南市中西區青年路134號,AC2R1  臺南市政府警察局第二分局博愛派出所
1130524  2126,臺南市中西區青年路118號,AC2R1  臺南市政府警察局第二分局博愛派出所
1130528  1557,臺南市中西區青年路118號,AC2R1  臺南市政府警察局第二分局博愛派出所
1130515  1031,臺南市中西區民族路2段76號之5(GR水煙館外),AC2R1  臺南市政府警察局第二分局博愛派出所
1130803  0012,臺南市安南區安和路4段533巷63號,AC3U1  臺南市政府警察局第三分局和順派出所
1131011  0127,臺南市安南區長溪路3段373巷21弄216號,AC3P1  臺南市政府警察局第三分局長安派出所
1131119  0948,臺南市安南區仁安路184號旁空地,AC3R1  臺南市政府警察局第三分局安南派出所
1131119  0717,臺南市佳里區建南里光復路184號娃娃機店,AC7X1  臺南市政府警察局佳里分局佳里派出所
1131117  1700,臺南市山上區山上里321號2樓,ACCO1  臺南市政府警察局新化分局山上分駐所
1131113  1411,臺南市新營區民權路62之2號,ACDW1  臺南市政府警察局新營分局民治派出所
1131116  1102,臺南市鹽水區蜈蜞坑157號前,ACDQ1  臺南市政府警察局新營分局竹埔派出所
1130711  2142,臺南市新營區工業街34號,ACDV1  臺南市政府警察局新營分局中山路派出所
1131119  1145,臺南市新營區復興路689號,ACDW1  臺南市政府警察局新營分局民治派出所
1131116  1620,臺南市東區中華東路1段366號2樓東區中華東路1段366號南紡購物中心A1館2樓(飾品控SAPNCONNY Accessory),AC1O1  臺南市政府警察局第一分局德高派出所
1131106  2203,臺南市安平區永華路二段651號18樓之7(A棟),AC4M1  臺南市政府警察局第四分局育平派出所
1130717  1458,臺南市佳里區建南里新生路317號,AC7X1  臺南市政府警察局佳里分局佳里派出所
1131120  0030,臺南市七股區溪南里七股段460-6地號等,AC7V1  臺南市政府警察局佳里分局七股分駐所
1130729  1630,臺南市七股區三股里三和段99、100、103地號,AC7U1  臺南市政府警察局佳里分局三股派出所
1130803  0048,臺南市七股區三股里三和段99、100、103地號,AC7U1  臺南市政府警察局佳里分局三股派出所
1130811  2255,臺南市七股區三股里三和段99、100、103地號,AC7U1  臺南市政府警察局佳里分局三股派出所
1130814  2259,臺南市七股區三股里三和段99、100、103地號,AC7U1  臺南市政府警察局佳里分局三股派出所
1131120  1443,臺南市善化區小新里24鄰士宏新7號,AC9Q1  臺南市政府警察局善化分局茄拔派出所
1131120  0344,臺南市歸仁區歸仁里中山路一段172樓,ACAZ1  臺南市政府警察局歸仁分局歸仁派出所
1131117  1030,臺南市歸仁區新厝里復興路87號,ACAZ1  臺南市政府警察局歸仁分局歸仁派出所
1131029  0841,臺南市永康區中華路8-7號,ACBP1  臺南市政府警察局永康分局復興派出所
1131119  2250,臺南市永康區復興路427號旁路邊停車格,ACBP1  臺南市政府警察局永康分局復興派出所
1131119  1813,臺南市新化區中山路211號,ACCS1  臺南市政府警察局新化分局新化派出所
1131120  0730,臺南市新營區復興路620巷39弄前空地,ACDM1  臺南市政府警察局新營分局後鎮派出所
1131119  1738,臺南市六甲區自由街30號,ACGX1  臺南市政府警察局麻豆分局六甲分駐所
1131120  1330,臺南市東區崇德路670號東區崇德路670號(市立醫院內),AC1O1  臺南市政府警察局第一分局德高派出所
1131113  1320,臺南市中西區中西區中正路246號(寶雅中正店),AC2M1  臺南市政府警察局第二分局海安派出所
1131121  1000,臺南市北區北區文成三路195號對面棒球場圍牆,AC5P1  臺南市政府警察局第五分局公園派出所
1131102  1130,臺南市佳里區鎮山里延平路91號,AC7X1  臺南市政府警察局佳里分局佳里派出所
1130612  1200,臺南市關廟區香洋里的某間全家超商,ACAX1  臺南市政府警察局歸仁分局關廟分駐所
1131121  1600,臺南市仁德區文賢里三甲五街380號,ACAY1  臺南市政府警察局歸仁分局文賢派出所
1131121  1607,臺南市歸仁區南興里文化街三段18巷2號5樓之1,ACAM1  臺南市政府警察局歸仁分局歸南派出所
1130717  2223,臺南市永康區復華一街2號,ACBM1  臺南市政府警察局永康分局永信派出所
1131121  1727,臺南市永康區中華路472號,ACBP1  臺南市政府警察局永康分局復興派出所
1131121  0700,臺南市永康區中山南路948號(南大附中)旁,ACBO1  臺南市政府警察局永康分局永康派出所
1131116  1858,臺南市新營區新進路2段236號,ACDW1  臺南市政府警察局新營分局民治派出所
1131120  1000,臺南市玉井區中華路77號,ACEU1  臺南市政府警察局玉井分局玉井派出所
1131007  0815,臺南市六甲區林鳳營16號,ACGX1  臺南市政府警察局麻豆分局六甲分駐所
1131108  1700,臺南市東區北門路1段226號東區北門路一段226號A16(櫃茂訊電腦),AC1R1  臺南市政府警察局第一分局東寧派出所
1131121  1145,臺南市中西區中西區康樂街233、237及241號,AC2M1  臺南市政府警察局第二分局海安派出所
1131121  2250,臺南市安南區安中路一段624之12號,AC3M1  臺南市政府警察局第三分局安中派出所
1131121  0819,臺南市安南區府安路5段98巷56弄33號,AC3S1  臺南市政府警察局第三分局海南派出所
1131122  0050,臺南市北區實踐街15巷38號,AC5Q1  臺南市政府警察局第五分局實踐派出所
1131122  0538,臺南市北區北區小東路147巷及東豐路口,AC5R1  臺南市政府警察局第五分局開元派出所
1131121  1152,臺南市北區長榮路5段41巷52號9樓之5,AC5R1  臺南市政府警察局第五分局開元派出所
1131122  1703,臺南市佳里區建南里復興路2巷6號,AC7X1  臺南市政府警察局佳里分局佳里派出所
1131122  1100,臺南市佳里區鎮山里佳南路1號,AC7X1  臺南市政府警察局佳里分局佳里派出所
1131122  0450,臺南市新市區豐華里豐華57號,AC9M1  臺南市政府警察局善化分局新市分駐所
1131120  0513,臺南市歸仁區六甲里六甲三街128號,ACAM1  臺南市政府警察局歸仁分局歸南派出所
1131121  1000,臺南市永康區中山南路12-5號,ACBN1  臺南市政府警察局永康分局大橋派出所
1131122  1056,臺南市永康區中正路279巷8號,ACBS1  臺南市政府警察局永康分局鹽行派出所
1131122  1420,臺南市永康區永二街447巷15號,ACBM1  臺南市政府警察局永康分局永信派出所
1130628  0515,臺南市永康區中正路529號,ACBS1  臺南市政府警察局永康分局鹽行派出所
1131114  2000,臺南市永康區中華二路363號,ACBP1  臺南市政府警察局永康分局復興派出所
1131121  0116,臺南市玉井區中正里玉安街213號,ACEU1  臺南市政府警察局玉井分局玉井派出所
1130508  0220,臺南市六甲區七甲街89巷4號,ACGX1  臺南市政府警察局麻豆分局六甲分駐所
1131122  1930,臺南市官田區中華路二段59號,ACGZ1  臺南市政府警察局麻豆分局拔林派出所
1131123  0050,臺南市東區東門路2段197號東區東門路2段197號騎樓,AC1Q1  臺南市政府警察局第一分局東門派出所
1131114  1146,臺南市東區小東路246號東區小東路246號,AC1R1  臺南市政府警察局第一分局東寧派出所
1131123  1850,臺南市東區大學路26號東區大學路26號前,AC1R1  臺南市政府警察局第一分局東寧派出所
1131121  1930,臺南市中西區北門路一段173號,AC2R1  臺南市政府警察局第二分局博愛派出所
1131123  1730,臺南市中西區中西區中山路166號,AC2R1  臺南市政府警察局第二分局博愛派出所
1131122  0146,臺南市安南區公學路6段626號,AC3O1  臺南市政府警察局第三分局安佃派出所
1131122  1537,臺南市南區興南街188號,AC6Q1  臺南市政府警察局第六分局灣裡派出所
1131123  2200,臺南市南區明興路43號,AC6R1  臺南市政府警察局第六分局鹽埕派出所
1131123  1600,臺南市北門區玉港里西埔內62號,AC8R1  臺南市政府警察局學甲分局北門分駐所
1131122  1330,臺南市永康區中山南路43巷10弄18號前,ACBN1  臺南市政府警察局永康分局大橋派出所
1131123  0830,臺南市柳營區柳營路二段30號旁,ACDT1  臺南市政府警察局新營分局柳營分駐所
1131123  0630,臺南市麻豆區油車里新生北路392巷,ACGM2  臺南市政府警察局麻豆分局麻豆派出所
1131123  2025,臺南市東區東平路117號東區東平路117號,AC1N1  臺南市政府警察局第一分局莊敬派出所
1131124  1430,臺南市東區生產路522號東區生產路522號,AC1O1  臺南市政府警察局第一分局德高派出所
1131123  2030,臺南市中西區西門路658號4樓,AC2P1  臺南市政府警察局第二分局南門派出所
1131124  1950,臺南市北區北區北忠街7號,AC5O1  臺南市政府警察局第五分局北門派出所
1131122  1410,臺南市西港區慶安里慶安路11號,AC7W1  臺南市政府警察局佳里分局西港分駐所
1131124  0447,臺南市歸仁區後市里民權北路6號,ACAZ1  臺南市政府警察局歸仁分局歸仁派出所
1131123  0714,臺南市永康區中華路路619巷22弄8號,ACBP1  臺南市政府警察局永康分局復興派出所
1131124  0845,臺南市新營區長榮路二段78號,ACDW1  臺南市政府警察局新營分局民治派出所
1131124  1112,臺南市新營區長榮路二段78號,ACDM1  臺南市政府警察局新營分局後鎮派出所
1130621  2100,臺南市東區北門路2號東區北門路二段2號,AC1R1  臺南市政府警察局第一分局東寧派出所
1130323  1330,臺南市東區北門路1段310號,AC1R1  臺南市政府警察局第一分局東寧派出所
1131121  0130,臺南市東區東明里東寧路269號,AC1N1  臺南市政府警察局第一分局莊敬派出所
1130526  2303,臺南市中西區民權路1段244號,AC2R1  臺南市政府警察局第二分局博愛派出所
1130726  1040,臺南市中西區友愛街275號,AC2O1  臺南市政府警察局第二分局中正派出所
1131124  1407,臺南市中西區中西區中山路162號B1(無印良品中山門市專櫃),AC2R1  臺南市政府警察局第二分局博愛派出所
1130816  2100,臺南市中西區開山路145號,AC2R1  臺南市政府警察局第二分局博愛派出所
1131125  1100,臺南市安南區富東路25號,AC3S1  臺南市政府警察局第三分局海南派出所
1131125  0650,臺南市安南區安和路1段185巷15弄3號,AC3T1  臺南市政府警察局第三分局安順派出所
1130629  1353,臺南市安南區國安街196號豐原老人長期照顧中心,AC3S1  臺南市政府警察局第三分局海南派出所
1131010  2030,臺南市安平區安平天后宮對面停車場廁所,AC4O1  臺南市政府警察局第四分局安平派出所
1131125  1314,臺南市北區中華北路一段78巷53號1樓,AC5M1  臺南市政府警察局第五分局和緯派出所
1131125  1730,臺南市北區東豐路458號,AC5R1  臺南市政府警察局第五分局開元派出所
1131125  1557,臺南市佳里區文新里6鄰文化路417號,AC7X1  臺南市政府警察局佳里分局佳里派出所
1131125  1400,臺南市學甲區新達里中山路35號,AC8W1  臺南市政府警察局學甲分局學甲派出所
1131119  1930,臺南市北門區錦湖里渡子頭P17,AC8R1  臺南市政府警察局學甲分局北門分駐所
1131101  0721,臺南市仁德區仁德里中山路875巷76弄7號外,ACAW1  臺南市政府警察局歸仁分局仁德分駐所
1131125  1700,臺南市歸仁區六甲里中正南路一段587巷6號,ACAM1  臺南市政府警察局歸仁分局歸南派出所
1131123  0013,臺南市永康區自強路386號,ACBO1  臺南市政府警察局永康分局永康派出所
1131125  0930,臺南市永康區中山南路365號,ACBO1  臺南市政府警察局永康分局永康派出所
1131120  1017,臺南市白河區白河里中山路2號,ACFO1  臺南市政府警察局白河分局竹門派出所
1131125  1600,臺南市白河區白河區糞箕湖122之32號(清水宮),ACFN2  臺南市政府警察局白河分局白河派出所
1130808  2200,臺南市東山區大埔段0002-0004號果園工寮,ACFM2  臺南市政府警察局白河分局東原派出所
1131125  0900,臺南市白河區白河區永安里富民路354號(騎樓),ACFN1  臺南市政府警察局白河分局內角派出所
1131124  0720,臺南市六甲區建國街42號之1,ACGX1  臺南市政府警察局麻豆分局六甲分駐所
1130606  0056,臺南市官田區八田路四段二巷62號,ACGX1  臺南市政府警察局麻豆分局六甲分駐所
1130716  0932,臺南市六甲區建工街266號,ACGX1  臺南市政府警察局麻豆分局六甲分駐所
1130301  1109,臺南市六甲區中山路2號,ACGX1  臺南市政府警察局麻豆分局六甲分駐所
1131126  1110,臺南市東區中華東路2段185巷38號東區中華東路二段185巷38號前,AC1P1  臺南市政府警察局第一分局後甲派出所
1130731  1210,臺南市東區中西里勝利路10號東區中西里勝利路10號旁(勝利國小南側機,AC1R1  臺南市政府警察局第一分局東寧派出所
1131111  1922,臺南市東區德東街101號東區德東街101號,AC1O1  臺南市政府警察局第一分局德高派出所
1131126  0018,臺南市東區榮譽街120號東區榮譽街120號(波波投幣式洗衣店),AC1M1  臺南市政府警察局第一分局文化派出所
1131120  1625,臺南市中西區觀亭街65號,AC2Q1  臺南市政府警察局第二分局民權派出所
1130802  1925,臺南市中西區中西區成功路303號,AC2M1  臺南市政府警察局第二分局海安派出所
1131119  1857,臺南市中西區中西區西門路一段703巷17號,AC2O1  臺南市政府警察局第二分局中正派出所
1131126  0958,臺南市中西區中西區西門路二段225巷底的牆邊,AC2M1  臺南市政府警察局第二分局海安派出所
1131120  2029,臺南市中西區台南市中西區北門路一段101號,AC2R1  臺南市政府警察局第二分局博愛派出所
1131126  0737,臺南市安南區安富街346號全聯福利中心-安富店,AC3S1  臺南市政府警察局第三分局海南派出所
1131126  1600,臺南市安南區本原街2段106巷香蕉園與台江大道交叉口無門牌,AC3M1  臺南市政府警察局第三分局安中派出所
1131125  2303,臺南市南區夏林路1-16號,AC6P1  臺南市政府警察局第六分局金華派出所
1131122  1200,臺南市學甲區宅仔段165-87、165-1485、1,AC8W1  臺南市政府警察局學甲分局學甲派出所
1131124  1715,臺南市善化區六分寮段地號24860000號,AC9O1  臺南市政府警察局善化分局溪美派出所
1131126  1259,臺南市新市區國際路15號B棟後方車道停車格,AC9M1  臺南市政府警察局善化分局新市分駐所
1131125  1318,臺南市仁德區一甲里太乙一街70號,ACAP1  臺南市政府警察局歸仁分局太廟派出所
1131126  1030,臺南市歸仁區辜厝里民權南路171號(歸南國小)前機車停車格,ACAZ1  臺南市政府警察局歸仁分局歸仁派出所
1131126  0857,臺南市永康區復國一路339-1號,ACBM1  臺南市政府警察局永康分局永信派出所
1130814  1600,臺南市永康區忠義街10巷26號,ACBP1  臺南市政府警察局永康分局復興派出所
1130726  0257,臺南市永康區復華三街25號,ACBM1  臺南市政府警察局永康分局永信派出所
1130505  2201,臺南市永康區復華二街10號,ACBM1  臺南市政府警察局永康分局永信派出所
1131126  0713,臺南市永康區崑山街21巷,ACBR1  臺南市政府警察局永康分局大灣派出所
1131126  1907,臺南市永康區復國一路357號(統一超商白金門市內),ACBM1  臺南市政府警察局永康分局永信派出所
1131126  0100,臺南市新化區外環道路(統一花園別墅附近),ACCQ1  臺南市政府警察局新化分局唪口派出所
1131125  2210,臺南市柳營區旭山里新吉庄40-18號,ACDT1  臺南市政府警察局新營分局柳營分駐所
1131125  1325,臺南市新營區民生路52號對面停車場,ACDW1  臺南市政府警察局新營分局民治派出所
1131126  0225,臺南市新營區復興路169號,ACDW1  臺南市政府警察局新營分局民治派出所
1131126  0820,臺南市新營區太康201號2C員工更衣室,ACDT1  臺南市政府警察局新營分局柳營分駐所
1131127  1400,臺南市東區崇元二街及崇吉二街交叉口的工地內東區崇元二街及崇吉二街交叉口的工地內,AC1O1  臺南市政府警察局第一分局德高派出所
1131102  1708,臺南市東區中華東路1段366號2樓東區中華東路一段366號2樓(Vacanza專櫃),AC1N1  臺南市政府警察局第一分局莊敬派出所
1131009  1200,臺南市東區東和路57巷10號4樓東區東和路57巷10號4樓,AC1R1  臺南市政府警察局第一分局東寧派出所
1131127  0025,臺南市中西區中西區民權路三段87號(7-11水仙宮門市),AC2M1  臺南市政府警察局第二分局海安派出所
1131011  1651,臺南市中西區西門路1段580號,AC2P1  臺南市政府警察局第二分局南門派出所
1131127  0037,臺南市安南區安中路6段856號,AC3Q1  臺南市政府警察局第三分局土城派出所
1131127  1446,臺南市安南區本原街3段171號,AC3R1  臺南市政府警察局第三分局安南派出所
1131127  1500,臺南市安平區育平八街32號之23,AC4M1  臺南市政府警察局第四分局育平派出所
1131127  0710,臺南市安平區育平九街372巷89弄93號附近,AC4M1  臺南市政府警察局第四分局育平派出所
1131125  0650,臺南市安平區永華路與建平路口,AC4N1  臺南市政府警察局第四分局華平派出所
1131122  0709,臺南市安定區港南里港口245-5號,AC9T1  臺南市政府警察局善化分局港口派出所
1131113  1630,臺南市永康區崑大路195號,ACBS1  臺南市政府警察局永康分局鹽行派出所
1131125  0436,臺南市永康區中正六街180號,ACBS1  臺南市政府警察局永康分局鹽行派出所
1131126  1950,臺南市永康區復國一路109號,ACBM1  臺南市政府警察局永康分局永信派出所
1131126  0530,臺南市永康區復興路92號前,ACBP1  臺南市政府警察局永康分局復興派出所
1130627  1600,臺南市麻豆區興中路55巷11號之1,ACGM2  臺南市政府警察局麻豆分局麻豆派出所
1131127  1027,臺南市麻豆區興中路55巷4號,ACGM2  臺南市政府警察局麻豆分局麻豆派出所
1131128  0000,臺南市東區東光路1段123號,AC1N1  臺南市政府警察局第一分局莊敬派出所
1131128  1739,臺南市東區崇成里崇道路24號東區崇成里崇道路24號(全聯臺南崇道店),AC1O1  臺南市政府警察局第一分局德高派出所
1130725  0719,臺南市中西區開山路315號,AC2R1  臺南市政府警察局第二分局博愛派出所
1131110  1211,臺南市中西區青年路148號,AC2R1  臺南市政府警察局第二分局博愛派出所
1131126  1800,臺南市安平區億載里4鄰光州八街49號,AC4M1  臺南市政府警察局第四分局育平派出所
1131128  1327,臺南市南區新河東路155號對面空地,AC6O1  臺南市政府警察局第六分局新興派出所
1131128  0750,臺南市永康區勝利街90巷2-2號,ACBP1  臺南市政府警察局永康分局復興派出所
1131127  1445,臺南市玉井區三埔段491之2號,ACEU1  臺南市政府警察局玉井分局玉井派出所
1131127  1530,臺南市後壁區後壁里後壁路42號之27,ACFT1  臺南市政府警察局白河分局菁寮派出所
1131104  1006,臺南市東區復興里自由路3段376號,AC1P1  臺南市政府警察局第一分局後甲派出所
1131129  1700,臺南市東區龍山街111號東區龍山街111號(統一超商帝標門市)外,AC1Q1  臺南市政府警察局第一分局東門派出所
1131129  0827,臺南市安南區本淵路59號,AC3R1  臺南市政府警察局第三分局安南派出所
1131121  0900,臺南市安南區長溪路一段445號,AC3T1  臺南市政府警察局第三分局安順派出所
1131128  0746,臺南市安平區世平路1號(國立臺南高級海事水產職業學校,AC4O1  臺南市政府警察局第四分局安平派出所
1131129  0307,臺南市安平區安北路155號,AC4O1  臺南市政府警察局第四分局安平派出所
1131124  1520,臺南市安平區漁光路114號(近月牙彎處海堤),AC4M1  臺南市政府警察局第四分局育平派出所
1131129  0357,臺南市北區北區文賢路735巷22號,AC5M1  臺南市政府警察局第五分局和緯派出所
1131129  0900,臺南市北區北區中華北路二段18號,AC5P1  臺南市政府警察局第五分局公園派出所
1131129  0840,臺南市北區文賢路833巷64號,AC5M1  臺南市政府警察局第五分局和緯派出所
1131129  0716,臺南市北區文賢路833巷52號,AC5M1  臺南市政府警察局第五分局和緯派出所
1131129  0700,臺南市北區北區公園路435號之1,AC5P1  臺南市政府警察局第五分局公園派出所
1131122  1220,臺南市佳里區六安里進學路244號,AC7X1  臺南市政府警察局佳里分局佳里派出所
1131128  1400,臺南市安定區港口283之3號對面,AC9T1  臺南市政府警察局善化分局港口派出所
1131103  0813,臺南市安定區安定256之119號(安定快餐),AC9R1  臺南市政府警察局善化分局安定分駐所
1131117  1532,臺南市仁德區二行里中正西路21號,ACAY1  臺南市政府警察局歸仁分局文賢派出所
1131127  0550,臺南市仁德區後壁里德安路188號,ACAQ1  臺南市政府警察局歸仁分局德南派出所
1131130  1800,臺南市東區大學路1號東區大學路1號成功大學光復校區光一舍前,AC1R1  臺南市政府警察局第一分局東寧派出所
1131129  1830,臺南市安平區華平路500號前人行道,AC4N1  臺南市政府警察局第四分局華平派出所
1131202  1400,臺南市東區前鋒路光復校區圍牆外腳踏車停車格東區前鋒路光復校區圍牆外腳踏車停車格,AC1R1  臺南市政府警察局第一分局東寧派出所
1131124  1600,臺南市東區東光里東興路199巷,AC1N1  臺南市政府警察局第一分局莊敬派出所
1131205  1800,臺南市永康區文賢街68巷1號,ACBR1  臺南市政府警察局永康分局大灣派出所
1131206  1236,臺南市東區成大里成功大學光復校區光2舍腳踏車停車場東區成功大學光復校區光2舍腳踏車停車場,AC1R1  臺南市政府警察局第一分局東寧派出所
1131112  1145,臺南市安平區國平東路51號,AC4M1  臺南市政府警察局第四分局育平派出所
1131206  1700,臺南市北區北區北門路二段125號前,AC5Q1  臺南市政府警察局第五分局實踐派出所
1131208  1245,臺南市東區小東路、勝利路口(小東路面東向西公車站牌小東路、勝利路口(小東路面東向西公車站牌旁邊),AC1R1  臺南市政府警察局第一分局東寧派出所
1131203  0920,臺南市東區大學路1號,AC1R1  臺南市政府警察局第一分局東寧派出所
1131125  1000,臺南市北區北門路二段346號(大道新城7區)前,AC5Q1  臺南市政府警察局第五分局實踐派出所
1131211  1650,臺南市北區台南燦坤-小北店(台南市北區西門路四段2號)的騎樓,AC5O1  臺南市政府警察局第五分局北門派出所
1131211  0608,臺南市永康區永安路125號,ACBS1  臺南市政府警察局永康分局鹽行派出所
1131212  0852,臺南市東區小東路250號4樓之C,AC1N1  臺南市政府警察局第一分局莊敬派出所
1131212  1820,臺南市永康區國華街102巷12號對面,ACBM1  臺南市政府警察局永康分局永信派出所
1131128  0605,臺南市永康區永安路121號前,ACBS1  臺南市政府警察局永康分局鹽行派出所
1131213  1700,臺南市東區民族地下道民族地下道,AC1R1  臺南市政府警察局第一分局東寧派出所
1130322  1800,臺南市善化區中山路1號(善化火車站)旁腳踏車停車場,AC9Y1  臺南市政府警察局善化分局善化派出所
1131214  1730,臺南市新化區中正路823號,ACCS1  臺南市政府警察局新化分局新化派出所
1131118  0300,臺南市東區大學里大學路1號大學里大學路1號(成功大學勝利校區體育館舊館自行車停車場),AC1R1  臺南市政府警察局第一分局東寧派出所
1131212  2100,臺南市北區長榮路四段169號,AC5R1  臺南市政府警察局第五分局開元派出所
1131217  2100,臺南市東區大學路西段67號大學路西段67號前騎樓,AC1R1  臺南市政府警察局第一分局東寧派出所
1131210  0800,臺南市北區公園北路(台南二中校門口前人行道),AC5Q1  臺南市政府警察局第五分局實踐派出所
1131217  0649,臺南市南區大同路二段186巷5弄1號,AC6S1  臺南市政府警察局第六分局大林派出所
1131218  0137,臺南市安南區怡安路2段545巷16號,AC3M1  臺南市政府警察局第三分局安中派出所
1131206  1930,臺南市關廟區花園里中正路560號,ACAX1  臺南市政府警察局歸仁分局關廟分駐所
1131219  1500,臺南市永康區國華街102巷37號旁,ACBM1  臺南市政府警察局永康分局永信派出所
1131220  2115,臺南市永康區國華街102巷37號旁,ACBM1  臺南市政府警察局永康分局永信派出所
1131221  1408,臺南市東區東寧運動公園外人行道(靠近東寧路與林森路東寧運動公園外人行道(靠近東寧路與林森路口),AC1N1  臺南市政府警察局第一分局莊敬派出所
1131221  2030,臺南市北區西門路四段2號,AC5O1  臺南市政府警察局第五分局北門派出所
1131218  2100,臺南市北區小東路15號,AC5R1  臺南市政府警察局第五分局開元派出所
1131223  0625,臺南市永康區龍潭街6號對面,ACBQ1  臺南市政府警察局永康分局龍潭派出所
1131223  2157,臺南市東區衛國街112巷31號,AC1Q1  臺南市政府警察局第一分局東門派出所
1131201  2319,臺南市玉井區玉井里中正路173巷9號前倉庫,ACEU1  臺南市政府警察局玉井分局玉井派出所
1131225  1902,臺南市東區大學路1號,AC1R1  臺南市政府警察局第一分局東寧派出所
1131216  1900,臺南市關廟區花園里中正路560號(關廟轉運站),ACAX1  臺南市政府警察局歸仁分局關廟分駐所
1131226  1946,臺南市北區開元路142號前,AC5R1  臺南市政府警察局第五分局開元派出所
1131226  1430,臺南市北區勝利路192號,AC5R1  臺南市政府警察局第五分局開元派出所
1131228  1700,臺南市南區三官路96巷7號,AC6P1  臺南市政府警察局第六分局金華派出所
1131228  1943,臺南市北區文賢三街337巷6弄3號,AC5M1  臺南市政府警察局第五分局和緯派出所
1131229  0800,臺南市南區文南路246號之1,AC6P1  臺南市政府警察局第六分局金華派出所
1131230  1624,臺南市東區小東路246號,AC1R1  臺南市政府警察局第一分局東寧派出所
1131230  1520,臺南市東區成大里前鋒路計程車排班處前鋒路計程車排班處,AC1R1  臺南市政府警察局第一分局東寧派出所
1131230  0630,臺南市北區北門路與東豐路口,AC5O1  臺南市政府警察局第五分局北門派出所
1131227  2220,臺南市仁德區保安里文賢路一段520號旁,ACAY1  臺南市政府警察局歸仁分局文賢派出所
